124310756,"Build and Deploy Jekyll Site with GitHub Pages"
124311485,"Greetings and Welcome!"
124311526,"Manage Stale Issues and Pull Requests"
124311568,"Label Pull Request"
124696035,"Dependabot Updates"
128674756,"Prune Actions by CLI"
128674757,"Prune Caches by Branch"
129256738,"Working Push"
129313654,"Completing Pull"
129420025,"Should working push Yield to Pull Request?"
129420027,"Codacy Security Scan"
129420028,"CodeQL Quality Scan"
129420029,"Impromptu Project Dependencies Checks"
129420030,"Build Host Environment Checks on Push"
130428005,"Summary: Working Push"
130428006,"Qodana Security Scan"
